{"stat.chestOpened":22,"stat.useItem.minecraft.bow":14,"stat.walkOneCm":59564,"stat.playerKills":4,"stat.useItem.minecraft.iron_sword":17,"stat.leaveGame":1,"stat.damageTaken":2276,"stat.pickup.minecraft.emerald":59,"stat.mobKills":2,"stat.pickup.minecraft.obsidian":1,"stat.pickup.minecraft.dye":2,"stat.useItem.minecraft.diamond_sword":12,"stat.pickup.minecraft.planks":3,"stat.flyOneCm":78207,"stat.deaths":5,"stat.pickup.minecraft.diamond":14,"stat.drop":1,"stat.jump":443,"stat.playOneMinute":20481,"stat.fallOneCm":28983,"stat.pickup.minecraft.iron_ingot":172,"stat.useItem.minecraft.planks":24,"stat.sneakTime":1280,"stat.pickup.minecraft.wool":7,"stat.pickup.minecraft.stained_glass":1,"stat.damageDealt":436,"stat.crouchOneCm":2841,"stat.useItem.minecraft.wool":122,"stat.timeSinceDeath":1256,"stat.drop.minecraft.emerald":2,"stat.killEntity.Squid":1,"stat.useItem.minecraft.stained_glass":17,"stat.sprintOneCm":67659,"stat.pickup.minecraft.stained_hardened_clay":5,"stat.pickup.minecraft.gold_ingot":333}