{"stat.chestOpened":2,"stat.useItem.minecraft.bow":17,"stat.useItem.minecraft.lapis_block":1,"stat.useItem.minecraft.quartz_block":1,"stat.pickup.minecraft.sign":20,"stat.useItem.minecraft.stone":7,"stat.useItem.minecraft.quartz_stairs":56,"stat.leaveGame":96,"stat.useItem.minecraft.skull":7,"stat.useItem.minecraft.diamond_sword":25,"stat.useItem.minecraft.heavy_weighted_pressure_plate":4,"stat.pickup.minecraft.diamond_sword":1,"stat.jump":10198,"stat.swimOneCm":1523,"stat.useItem.minecraft.iron_trapdoor":8,"stat.useItem.minecraft.snow":1,"stat.fallOneCm":121956,"stat.pickup.minecraft.iron_ingot":1738,"stat.useItem.minecraft.planks":18,"stat.climbOneCm":6651,"stat.drop.minecraft.stone":1,"stat.drop.minecraft.diamond_sword":1,"stat.crouchOneCm":67425,"stat.useItem.minecraft.mycelium":7,"stat.useItem.minecraft.obsidian":8,"stat.useItem.minecraft.dirt":144,"stat.pickup.minecraft.red_mushroom":1,"stat.useItem.minecraft.light_weighted_pressure_plate":1,"stat.drop.minecraft.bed":1,"stat.pickup.minecraft.rotten_flesh":1,"stat.damageTaken":3419,"stat.useItem.minecraft.stone_brick_stairs":41,"stat.noteblockTuned":4,"stat.flyOneCm":9303447,"stat.pickup.minecraft.wheat_seeds":2,"stat.killEntity.Villager":4,"stat.damageDealt":1665,"stat.useItem.minecraft.wool":892,"stat.useItem.minecraft.snow_layer":295,"stat.timeSinceDeath":851688,"stat.useItem.minecraft.sign":2,"stat.useItem.minecraft.command_block":2,"stat.walkOneCm":413065,"stat.playerKills":1,"stat.drop.minecraft.rotten_flesh":1,"stat.useItem.minecraft.log":1,"stat.useItem.minecraft.oak_stairs":4,"stat.drop.minecraft.dirt":1,"stat.useItem.minecraft.emerald_block":29,"stat.noteblockPlayed":12,"stat.pickup.minecraft.compass":2,"stat.useItem.minecraft.redstone_block":4,"stat.useItem.minecraft.spruce_stairs":41,"stat.drop.minecraft.compass":1,"stat.useItem.minecraft.spruce_fence":4,"stat.useItem.minecraft.stained_hardened_clay":57,"stat.sprintOneCm":1306984,"stat.useItem.minecraft.diamond_block":42,"stat.useItem.minecraft.stained_glass":2,"stat.useItem.minecraft.stone_stairs":113,"stat.pickup.minecraft.gold_ingot":1375,"stat.useItem.minecraft.stone_slab":21,"stat.useItem.minecraft.bed":13,"stat.pickup.minecraft.stone_stairs":1,"stat.useItem.minecraft.iron_sword":5,"stat.useItem.minecraft.barrier":494,"stat.pickup.minecraft.emerald":195,"stat.mobKills":6,"stat.useItem.minecraft.stonebrick":220,"stat.deaths":10,"stat.pickup.minecraft.diamond":94,"stat.drop":11,"stat.playOneMinute":1236846,"stat.useItem.minecraft.wooden_sword":9,"stat.sneakTime":18397,"stat.pickup.minecraft.wool":4,"stat.killEntity.Zombie":1,"stat.drop.minecraft.grass":1,"stat.mineBlock.minecraft.tallgrass":4,"stat.diveOneCm":764,"stat.drop.minecraft.wooden_axe":4,"stat.pickup.minecraft.wheat":2}